SIMS_LATITUDE,SIMS_LONGITUDE
30.498001,-87.881412
31.664137,-85.606234
33.281261,-85.802182
34.690556,-87.821389
34.758781,-87.650562
34.287627,-85.968298
32.498567,-86.136587
31.106389,-87.071111
34.015,-86.012222
33.993749,-85.991072
33.904039,-86.053867
31.226359,-85.390768
31.190657,-85.423117
34.876944,-85.720833
33.3975,-86.955278
33.553056,-86.815
33.529444,-86.850278
33.5275,-86.807778
33.485556,-86.915
33.331111,-87.003611
33.451389,-86.967222
33.459722,-87.305556
33.545278,-86.549167
33.499722,-86.924167
33.386389,-86.816667
33.704722,-86.669167
33.801667,-86.9425
33.578333,-86.773889
33.585556,-86.779444
33.565278,-86.796389
34.342904,-87.33973
34.788333,-86.616111
34.72874,-86.58501
34.620278,-86.566389
34.68767,-86.58637
32.503611,-87.834722
30.76652,-88.075727
30.769941,-88.087526
30.720515,-88.058951
30.658306,-88.036667
30.474674,-88.14114
30.47415,-88.14102
32.425833,-86.285278
32.40712,-86.256367
34.518735,-86.976939
31.790556,-85.979167
31.792969,-85.980522
32.476781,-84.99911
32.467971,-85.083841
33.317316,-86.825092
33.312927,-86.821104
32.36401,-88.201865
33.279747,-86.349438
33.498328,-86.122667
33.436667,-86.100556
33.18935,-87.484217
33.0896,-87.459731
33.832778,-87.2725
31.255833,-88.022967
55.324675,-160.508331
61.205861,-149.824602
61.215,-149.723056
61.181083,-149.817389
61.191514,-149.93493
61.3267,-149.569707
63.7232,-148.9676
64.845278,-147.721111
64.840672,-147.722461
64.832778,-147.731389
64.842222,-147.750833
58.388497,-134.567237
59.982667,-152.661089
61.534163,-149.031655
62.314754,-150.317909
67.0931,-157.8689
59.46008,-135.31053
56.61076,-132.81234
35.745989,-109.071737
34.058475,-109.441259
31.3658,-109.73095
31.3492,-109.539683
32.00941,-109.38906
35.206111,-111.652777
34.866666,-111.765
36.05864,-112.18358
36.077814,-112.129551
35.973117,-111.984846
35.140635,-111.969938
34.229733,-111.3295
33.399135,-110.858896
33.6547,-111.1074
33.006179,-110.785797
33.419017,-110.82967
34.090866,-110.942801
32.83388,-109.718611
34.2319,-113.58
33.49462,-112.13098
33.48385,-112.14257
33.287778,-111.816667
33.41045,-111.86507
33.56033,-112.06626
33.45223,-111.73331
33.57454,-112.19196
33.706328,-111.855622
33.45793,-112.04601
33.47968,-111.91721
33.46093,-112.11748
33.40316,-112.07533
33.29898,-111.88431
33.4124,-111.93473
33.31074,-111.72255
33.82169,-112.01739
33.40642,-112.14434
33.63713,-112.34184
33.37005,-112.6207
33.290229,-112.160597
33.488242,-111.855654
33.507992,-111.755334
33.474609,-111.805769
33.507566,-111.832483
33.4349,-112.093
33.9828,-111.7987
33.54549,-111.60925
33.61103,-111.72529
33.71881,-111.67183
33.4265,-112.11814
33.503833,-112.095767
33.455277,-111.996111
35.540017,-113.410782
35.153888,-114.566111
35.588726,-113.489025
34.55199,-113.372362
36.019302,-114.069205
34.2525,-110.036388
34.82251,-109.89249
32.382036,-112.857453
32.222058,-110.974681
31.95,-112.801
32.004707,-110.792593
32.322661,-111.038389
32.414344,-111.154544
32.174538,-110.737116
32.201978,-110.967905
32.27229,-110.989079
32.204411,-110.878067
32.20739,-110.910619
32.425261,-111.06352
32.04767,-110.774357
32.0475,-110.773889
32.222103,-110.893842
32.125919,-110.982556
32.29515,-110.9823
31.87952,-110.99644
32.1912,-110.840582
32.173,-110.980115
32.38082,-111.12716
32.251843,-110.965293
32.248712,-111.218494
32.877583,-111.752222
32.598611,-110.633611
33.4214,-111.5436
33.421194,-111.503222
32.954361,-111.76225
32.978556,-111.514833
32.7559,-111.5551
32.719307,-110.641934
32.508306,-111.308056
32.881194,-111.962
33.219111,-111.561111
33.0585,-112.047219
32.891056,-111.5705
33.105806,-110.974194
33.080087,-111.739999
33.117556,-111.885814
33.293465,-111.285594
31.337204,-110.936718
34.42888,-112.961944
34.595,-112.331
34.340556,-111.683923
32.677001,-114.648905
32.677855,-114.475861
34.518515,-91.55896
33.136862,-91.950377
35.197288,-90.193141
35.33395,-90.24587
35.277672,-90.450692
35.105193,-92.427859
34.469441,-93.000178
35.929167,-89.900833
35.832726,-93.20826
35.825893,-93.203187
34.529766,-90.586049
34.583699,-94.226234
34.454406,-94.143316
35.259775,-93.10005
34.756189,-92.281296
34.835721,-92.260581
34.729603,-92.243587
34.676268,-92.337164
34.744931,-92.320064
35.389672,-94.424288
33.220274,-92.669619
36.045751,-94.168978
35.24894,-91.715596
37.7986,-122.2684
37.710229,-122.116899
37.687526,-121.784217
37.817118,-122.280454
37.535833,-121.961823
37.654456,-122.031547
38.339905,-120.763515
39.757371,-121.843286
39.714041,-121.618836
39.751389,-121.619444
39.327563,-121.668811
38.201852,-120.681567
39.021221,-122.281803
39.202935,-122.017728
37.936013,-122.026154
37.926162,-122.385561
37.948172,-122.364852
38.034331,-122.270336
38.05492,-122.233229
38.006311,-121.641918
37.9604,-122.356811
38.012816,-122.134467
38.029258,-121.896866
41.561111,-124.082778
41.7644,-124.1998
38.725282,-120.821916
38.944979,-119.970609
38.81161,-120.033084
38.91028,-119.99528
38.890941,-121.003373
38.976,-120.103506
36.705506,-119.741966
36.781333,-119.77319
36.841389,-119.874444
36.5975,-119.503611
36.819111,-119.717356
36.72639,-119.733
37.22064,-119.155557
39.517778,-122.190278
40.80178,-124.1621
40.883641,-123.99843
32.673889,-115.503056
32.676186,-115.484144
32.677778,-115.389722
32.97833,-115.53917
32.79222,-115.56306
33.0325,-115.62361
33.213611,-115.54528
36.609003,-118.057809
36.60503,-118.047979
36.068889,-117.755
36.267536,-117.993002
36.326172,-117.95512
36.419994,-117.836753
36.366319,-117.897609
36.361932,-118.01068
37.407244,-118.345308
36.508611,-116.847778
36.049402,-117.943927
36.487823,-117.871036
36.595556,-118.049167
37.362194,-118.416539
36.835002,-118.22575
35.346094,-118.852037
35.054444,-119.403889
35.385574,-119.015009
35.050551,-118.147294
35.356092,-119.041209
35.62109,-117.67296
35.322928,-118.999167
35.438869,-119.016765
35.142222,-119.46
35.208333,-118.784444
35.503587,-119.272606
34.821944,-118.886667
36.10218,-119.566954
36.314399,-119.64457
39.0327,-122.92229
38.77453,-122.6995
38.84846,-122.75797
38.85022,-122.7362
34.1365,-117.92391
34.14435,-117.85036
34.05111,-118.45636
34.17605,-118.31712
34.06659,-118.22688
34.19925,-118.53276
33.92899,-118.21071
34.01407,-118.06056
34.01194,-118.06995
34.06703,-117.7514
34.1326,-118.1272
33.82376,-118.18921
33.79236,-118.17533
33.9508,-118.43043
34.38344,-118.5284
34.671394,-118.131456
34.813056,-118.883889
36.866667,-120.01
37.97231,-122.520004
38.123056,-122.908333
38.126834,-122.914957
37.832725,-122.527658
37.71325,-119.7062
37.549928,-119.844591
37.74306,-119.59389
37.745759,-119.603754
39.445833,-123.802778
39.15047,-123.20655
39.14566,-123.20298
39.403056,-123.349167
39.413056,-123.3525
37.281598,-120.434992
37.308537,-120.480993
37.64571,-118.96652
37.959672,-119.120266
38.091428,-118.997957
38.069711,-118.947738
37.669444,-118.414722
38.088023,-119.178069
36.495767,-121.731571
36.2275,-121.115556
36.804444,-121.785833
36.69676,-121.637182
38.310942,-122.296189
39.234331,-121.056591
39.316555,-120.845475
39.338504,-120.171291
33.83062,-117.93845
33.67464,-117.92568
33.63003,-117.67593
33.92513,-117.95264
38.937778,-121.103889
39.100278,-120.952778
38.745726,-121.266312
39.937099,-120.938821
40.31,-121.218056
39.808333,-120.471667
33.920556,-117.571389
33.7411,-115.8206
33.92086,-116.85841
33.94603,-117.40063
33.70853,-116.21537
33.85275,-116.54101
33.78942,-117.22764
33.99958,-117.41601
33.463644,-116.971457
33.67649,-117.33098
33.612406,-114.602886
38.71209,-121.38109
38.613779,-121.368014
38.61,-121.38
38.558228,-121.492981
38.302591,-121.420838
38.683304,-121.164457
38.636944,-121.513333
38.553611,-121.336111
38.556326,-121.458499
38.494475,-121.211131
36.844096,-121.362121
36.48324,-121.15688
34.895007,-117.024484
34.2431,-117.27235
34.426126,-117.563939
34.408333,-116.906944
34.141944,-116.055
34.037222,-117.69
34.510014,-117.331433
34.10374,-117.62914
35.763873,-117.397004
34.10002,-117.49201
34.418073,-117.285597
34.05977,-117.14731
34.264444,-116.864444
34.06957,-116.38893
34.10688,-117.27411
34.193925,-116.914063
32.631231,-117.059075
32.791194,-116.942092
32.836461,-117.128752
32.717214,-117.165486
32.952124,-117.264088
33.127711,-117.075325
32.842242,-116.768225
32.709172,-117.153975
33.217025,-117.396158
32.701492,-117.149653
32.725226,-116.365203
32.579361,-116.929486
32.735455,-116.345365
32.552164,-116.937772
37.784,-122.4216
37.765946,-122.399044
37.7338,-122.3824
37.950741,-121.268523
38.029626,-121.354026
35.631629,-120.690977
35.12389,-120.63215
35.283889,-120.654167
35.02083,-120.56388
35.256577,-120.669861
35.36631,-120.84271
35.03146,-120.50103
35.49158,-120.66804
37.482934,-122.20337
34.46245,-120.02551
34.427775,-119.691218
34.949147,-120.43763
34.725556,-120.427778
34.54166,-119.79146
34.52744,-120.1965
34.414942,-119.879511
34.402778,-119.4575
34.718889,-120.431667
34.48974,-120.04692
34.46453,-120.04498
34.63782,-120.4575
34.44551,-119.8284
34.605819,-120.075069
34.596111,-120.630278
34.733889,-120.008349
36.999571,-121.574684
37.348497,-121.894898
37.226862,-121.979675
37.3062,-121.84885
37.3915,-121.8422
37.079379,-121.600031
37.355475,-122.050845
37.402244,-122.066597
37.011944,-122.193333
36.933333,-121.795833
37.052222,-122.0125
36.983921,-121.989328
40.549985,-122.382011
40.452913,-122.298866
40.403558,-122.223185
40.53999,-121.57646
40.6304,-122.4031
40.69184,-122.40179
41.308611,-122.332222
41.711944,-121.508889
41.726892,-122.633579
38.102507,-122.237976
38.227066,-122.075624
38.3514,-121.94986
38.358365,-121.950003
38.804267,-123.018142
38.610905,-122.868794
38.443503,-122.710169
38.654069,-122.901857
38.501112,-122.998181
37.641583,-120.994622
37.487981,-120.837005
39.138773,-121.618549
39.205572,-121.820362
40.216805,-122.223582
40.262084,-122.093857
40.17583,-122.23694
40.73475,-122.9412
40.786247,-122.805707
36.567178,-118.778995
36.48947,-118.82915
36.498889,-118.823889
36.332179,-119.291228
36.313889,-119.392222
37.981582,-120.379611
34.210154,-118.870496
34.291254,-118.798564
34.404268,-118.809946
33.2569,-119.4869
34.448048,-119.231321
34.276362,-118.683757
34.2804,-119.313611
34.252378,-119.143176
38.53445,-121.7734
38.66121,-121.73269
38.57146,-121.52579
39.796009,-104.977538
39.826007,-104.937438
39.986324,-104.817683
39.838119,-104.94984
37.469391,-105.878691
37.469584,-105.863175
37.724919,-105.519073
39.567887,-104.957193
39.604399,-105.019526
37.26842,-107.009659
40.164576,-105.100856
40.166586,-105.102402
40.024167,-105.2575
39.957212,-105.238458
40.021097,-105.263382
40.012969,-105.267212
38.739213,-108.073118
39.751184,-104.987625
39.738578,-104.939925
39.751761,-105.030681
39.698008,-104.987111
39.740342,-104.991037
39.748163,-105.002564
39.746955,-105.003604
39.717251,-104.893222
39.781083,-104.95665
39.697677,-104.984021
39.704005,-104.998113
39.743499,-105.0081
39.534488,-105.070358
39.231384,-104.63477
38.85054,-104.83063
38.895975,-104.761296
38.828042,-104.827739
38.958341,-104.817215
38.830895,-104.839243
38.853097,-104.901289
38.43829,-105.24504
39.453654,-108.053259
39.531813,-107.782298
39.573536,-107.534626
39.487755,-107.659685
39.43089,-107.652665
39.567945,-107.683245
39.529444,-107.324167
38.867595,-106.981436
38.87805,-106.974698
38.545833,-106.928333
38.900392,-106.966104
40.5383,-106.6766
39.800333,-105.099973
39.638781,-105.13948
39.912799,-105.188587
39.904167,-105.165278
39.87639,-105.165611
39.861944,-105.203056
39.899722,-105.240278
39.743724,-105.177989
39.247778,-106.291389
37.277798,-107.880928
37.218674,-107.851598
37.308191,-107.845615
37.229524,-107.826708
37.274742,-107.878951
37.30389,-107.484167
37.13678,-107.62863
37.10258,-107.870219
40.27813,-105.54564
40.571288,-105.079693
40.526426,-105.077279
40.57747,-105.07892
40.362381,-105.564396
39.063798,-108.561173
39.064289,-108.56155
37.1984,-108.49046
39.154,-106.821
39.19104,-106.818864
38.090949,-102.613912
38.084688,-102.618641
38.113792,-102.626181
38.263058,-104.612133
40.485201,-106.831625
40.488056,-106.835833
37.659409,-107.800541
37.937872,-107.813061
39.491461,-106.047325
38.744827,-105.175405
38.744444,-105.178333
40.414877,-104.70693
40.209387,-104.82405
40.386368,-104.73744
40.423432,-104.69479
41.170833,-73.194722
41.195,-73.163333
41.003611,-73.585
41.055833,-73.539444
41.399167,-73.443056
41.063056,-73.528889
41.1125,-73.407222
41.1525,-73.103056
41.118333,-73.336667
41.769167,-72.670278
41.784722,-72.631667
41.7425,-72.634444
41.821342,-73.297257
41.552222,-72.63
41.293889,-72.901389
41.309167,-72.923333
41.291111,-72.894167
41.3014,-72.902871
41.310833,-72.916944
41.331389,-72.919722
41.550556,-73.043611
41.260833,-72.55
41.317222,-72.065
41.524167,-72.076667
41.976389,-72.388056
38.986672,-75.5568
39.155,-75.518056
39.761111,-75.491944
39.5513,-75.732
39.57768,-75.6036
39.817222,-75.563889
39.691962,-75.761299
39.773889,-75.496389
39.739444,-75.558056
38.6539,-75.6106
38.7791,-75.16323
38.903889,-77.046389
38.583226,-77.1219
38.895572,-76.958072
38.876255,-77.034059
38.921847,-77.013178
29.706111,-82.387778
29.658333,-82.408333
29.684,-82.491
29.544722,-82.296111
30.201111,-82.441111
30.130433,-85.731517
30.144167,-85.614444
28.511111,-80.794722
28.053611,-80.628611
28.310556,-80.615556
26.128611,-80.167222
26.098333,-80.145833
26.272,-80.295
26.083143,-80.237586
25.982222,-80.247778
26.292025,-80.09647
26.217222,-80.127778
26.000833,-80.160556
26.295556,-80.1775
26.087,-80.111
28.980556,-82.7
28.748678,-82.554769
26.27,-81.711
30.178056,-82.619167
30.356339,-81.635396
30.352222,-81.628333
30.477725,-81.587339
30.309119,-81.652341
30.422222,-81.621111
30.305,-81.705556
30.320507,-81.68762
30.328889,-81.639722
30.367222,-81.594167
30.135556,-81.634167
30.354722,-81.547778
30.261,-81.454
30.33501,-81.61861
30.35319,-81.56725
30.41707,-81.585858
30.352375,-81.61841
30.31725,-81.68395
30.525367,-87.20355
30.36805,-87.270967
30.544722,-87.216111
30.399,-87.276
30.437,-87.256
30.55,-87.376
30.411339,-82.783484
27.188889,-81.340556
27.931944,-82.509722
27.886389,-82.481389
27.894167,-82.401111
27.740033,-82.465146
27.863889,-82.384444
27.7925,-82.368333
27.9225,-82.401389
27.856389,-82.383667
27.780508,-82.162117
27.9475,-82.457222
27.928056,-82.454722
27.892222,-82.538611
27.960278,-82.3825
27.933333,-82.448889
27.9875,-82.454167
27.965833,-82.379444
27.968611,-82.278611
27.96565,-82.2304
27.9925,-82.125833
30.848611,-85.603889
28.525,-81.723333
29.014,-81.64119
26.602016,-81.877908
26.547861,-81.98
26.448889,-81.939444
30.439722,-84.346389
30.484444,-84.199444
30.305556,-84.423611
27.622778,-82.539444
27.632778,-82.546111
27.480556,-82.618889
27.449444,-82.522222
29.170278,-82.100833
29.1925,-82.173333
25.8975,-80.38
25.733378,-80.161806
25.586384,-80.326811
25.39122,-80.680819
25.621667,-80.345278
25.87583,-80.2583
25.941944,-80.326389
25.68333,-80.4
25.794222,-80.215556
25.767778,-80.233333
25.798333,-80.210278
25.471944,-80.482778
30.658552,-81.463168
28.735556,-81.601944
28.454167,-81.381389
28.550833,-81.345556
28.541944,-81.378611
28.596389,-81.3625
28.347222,-81.636667
26.724444,-80.666667
26.730833,-80.233889
26.59123,-80.060867
26.693056,-80.099444
26.700102,-80.101183
26.456944,-80.092778
26.369722,-80.074444
28.331944,-82.305833
28.195,-82.758056
27.946389,-82.731944
27.784444,-82.659444
27.785866,-82.739875
27.863333,-82.623333
27.792778,-82.728056
27.850348,-82.714465
27.986283,-82.78215
28.047222,-82.71
27.8925,-82.680556
27.871389,-82.691667
27.895556,-82.774722
27.875833,-82.696389
28.09,-82.700833
28.141667,-82.739722
27.856418,-82.017633
27.896944,-81.960278
27.939444,-82.000278
28.028889,-81.972222
29.687748,-81.656509
27.448889,-80.40833
30.394133,-87.008033
27.290556,-82.507222
27.299444,-82.522778
27.335556,-82.531111
27.306944,-82.570556
27.350278,-82.48
27.100833,-82.436111
27.089194,-82.362583
28.746111,-81.310556
29.108889,-80.993889
29.206667,-81.0525
30.0925,-84.161111
33.153413,-83.23569
34.103333,-84.915278
32.777455,-83.641096
32.805408,-83.543521
32.827967,-83.788749
30.740718,-82.128154
32.062124,-81.067043
32.092957,-81.14399
32.06923,-81.048769
32.110759,-81.161847
32.090457,-81.130378
34.474293,-85.408003
33.945833,-83.372222
33.918067,-83.344495
33.609867,-84.391028
34.015482,-84.607407
33.89932,-84.661514
31.513287,-82.750141
33.582144,-82.131189
33.40404,-84.745988
34.376317,-84.059766
33.68797,-84.29048
33.698611,-84.272608
33.901389,-84.279903
33.845741,-84.213398
31.576917,-84.100194
33.778329,-84.707791
33.743656,-84.779192
34.98567,-84.375193
33.455739,-84.418998
34.26054,-85.32333
34.263312,-85.178723
34.263198,-85.304826
33.752625,-84.383325
33.741253,-84.5527
33.819564,-84.389708
33.80233,-84.435576
33.77933,-84.39576
33.720192,-84.357056
33.876469,-84.380327
31.180893,-81.504622
31.169735,-81.495881
31.185187,-81.485166
33.96127,-84.06901
34.30008,-83.81217
33.433575,-84.161708
32.6056,-83.597907
30.848056,-83.294444
34.785197,-84.626422
32.483543,-84.980977
32.521302,-84.944795
32.42905,-84.9316
32.508712,-84.880303
32.503272,-84.942035
33.9285,-85.04534
33.469164,-81.991426
33.433349,-82.022217
33.432353,-81.991372
33.591077,-84.065294
33.264875,-84.284914
31.954298,-84.081059
34.97889,-85.30098
33.625273,-83.681656
32.974881,-82.80876
32.881829,-83.333775
19.4308,-155.2578
19.4203,-155.2881
21.321944,-157.861389
21.323745,-158.088613
21.332743,-158.11413
21.292916,-157.8215
21.30758,-157.85542
21.303382,-157.871171
21.3475,-158.113333
21.392833,-157.969126
21.343333,-157.708333
21.981944,-159.369722
20.780997,-156.446373
20.808788,-156.283507
43.618889,-116.213611
43.636111,-116.270278
43.616379,-116.203817
43.647778,-116.213611
43.589464,-116.223462
42.916389,-112.515833
42.876725,-112.460347
42.796463,-112.258116
47.316667,-116.57028
47.338702,-116.884614
43.021944,-112.41
43.823017,-115.838557
44.104498,-115.972386
48.292141,-116.556656
48.270633,-116.567724
48.2675,-116.572222
43.518267,-112.020708
48.70555,-116.368967
43.460556,-113.562222
43.58031,-116.562676
43.562401,-116.563232
43.579446,-116.561111
43.705583,-116.623197
43.787147,-116.959578
42.695278,-111.593889
44.170385,-114.928034
43.286562,-115.853221
42.013333,-111.809167
42.082222,-111.864167
43.856442,-116.515456
45.931389,-116.115278
46.2094,-116.0275
47.788908,-116.804539
47.682315,-116.76553
47.7827,-116.8819
47.721597,-116.92615
46.721932,-116.95918
45.181897,-113.890285
45.168433,-113.888967
46.408352,-116.992533
46.3972,-116.8062
46.335,-116.5359
42.9125,-112.535556
47.536389,-116.236667
42.564097,-114.4462
44.899318,-116.093914
44.890197,-116.1065
39.93301,-91.404237
40.123796,-88.229531
40.05278,-88.37251
40.1,-88.36667
39.210857,-87.668297
41.670992,-87.732457
41.687165,-87.539315
41.87372,-87.645326
41.755832,-87.54535
41.87898,-87.635556
41.70757,-87.568574
41.965485,-87.749928
41.912862,-87.722723
41.656518,-87.589574
41.877682,-87.635027
41.790787,-87.601646
41.895812,-87.607683
41.7514,-87.713488
41.984332,-87.792002
41.80118,-87.832349
41.66812,-87.99057
41.615038,-87.71556
41.662109,-87.696467
41.965193,-87.876265
41.782766,-87.805377
41.855243,-87.75247
42.060285,-87.863225
42.053333,-88.108056
42.139996,-87.799227
41.872202,-87.826165
41.872117,-87.82908
41.864426,-87.748902
41.872897,-87.825872
42.062053,-87.675254
41.771071,-88.152534
41.813049,-88.072827
39.067159,-88.548934
38.082155,-88.624943
37.723086,-89.209289
39.110539,-90.32408
42.050403,-88.280015
42.049148,-88.273029
41.784717,-88.329374
42.386706,-87.841406
42.467573,-87.810047
41.293015,-89.049425
42.221442,-88.242207
40.518735,-88.996896
39.866834,-88.925594
39.396075,-89.809739
38.890186,-90.148031
38.694438,-90.153954
38.699565,-90.143529
38.704534,-90.139675
38.726573,-89.959963
38.827665,-90.058116
38.793341,-90.039762
38.903085,-90.143168
38.860669,-90.105851
38.865984,-90.070571
40.68742,-89.606943
40.700072,-89.613414
40.697007,-89.584737
40.745504,-89.585869
38.176278,-89.788459
41.514727,-90.51735
38.612034,-90.160477
38.529631,-89.99285
39.800614,-89.591225
39.799309,-89.647608
39.844122,-89.604839
39.831921,-89.644164
40.55646,-89.654028
38.397276,-87.773631
38.369498,-87.834466
41.459963,-88.182019
41.526885,-88.116474
41.221537,-88.190967
42.28719,-89.077005
42.267674,-89.087851
42.263081,-89.092767
42.334982,-89.037775
41.221418,-85.016821
41.094965,-85.101816
41.07445,-85.136729
41.050556,-85.149722
39.997484,-86.395172
40.540455,-86.553035
38.376944,-85.690278
38.277675,-85.740153
38.573253,-87.214613
39.043889,-84.907222
39.092778,-84.855
40.201141,-85.387999
40.157952,-85.420984
40.158417,-85.415021
40.300015,-85.245367
38.391443,-86.92916
41.667778,-85.969444
41.71805,-85.83055
38.266167,-85.84107
38.367967,-85.832955
38.273511,-85.836412
38.308056,-85.834167
39.9642,-87.421398
38.361443,-87.748631
38.392832,-87.748353
38.985578,-86.99012
40.05609,-86.000503
39.935041,-85.840471
39.876944,-86.473889
39.863367,-86.470539
39.880871,-86.54193
39.759003,-86.397124
40.009525,-85.523455
40.485479,-86.132879
40.96071,-85.379842
38.920844,-86.080489
41.187854,-87.053571
41.221437,-87.027765
38.776667,-85.407222
39.417243,-86.152363
38.740882,-87.484733
41.636127,-87.440843
41.628611,-87.461389
41.60668,-87.304729
41.65274,-87.439551
41.573239,-87.405905
41.546593,-87.426481
41.6814,-87.494734
41.598505,-87.342991
41.588889,-87.407778
41.585496,-87.474486
41.63946,-87.493623
41.678349,-87.508345
41.592517,-87.471955
41.641361,-87.487528
41.717022,-86.907743
41.629098,-86.684615
41.707212,-86.891216
41.602222,-86.730278
38.889444,-86.551944
40.111975,-85.679952
40.002547,-85.656937
39.646254,-86.248784
39.744993,-86.166464
39.858922,-86.021317
39.749019,-86.186314
39.760869,-86.297195
39.760437,-86.108848
39.747931,-86.175812
39.768056,-86.16
39.789486,-86.06085
39.758925,-86.289694
39.811097,-86.114469
39.893611,-86.040556
39.788903,-86.214628
39.774979,-86.12202
39.758855,-86.115415
39.73333,-86.28333
38.890278,-86.760833
39.575634,-86.477893
39.515039,-86.391643
37.99424,-86.763445
37.983883,-86.77219
38.113159,-86.603594
38.519148,-87.249794
41.634109,-87.101478
41.631389,-87.086944
41.633333,-87.102778
41.616618,-87.146959
41.617558,-87.199248
41.510293,-87.038546
38.005289,-87.718429
39.623056,-86.854444
41.551696,-86.370589
41.66346,-86.207826
41.742598,-86.110521
41.693611,-86.236667
41.694444,-86.2875
39.613423,-85.870648
38.167523,-86.983214
37.95536,-87.0318
39.099444,-87.470556
40.431639,-86.8525
37.971727,-87.567236
38.021727,-87.569458
38.113947,-87.536957
37.974436,-87.532289
38.006517,-87.574117
37.902561,-87.671406
39.923645,-87.435566
39.48615,-87.401398
39.448611,-87.391944
39.456238,-87.370553
39.560556,-87.313056
39.528371,-87.428342
39.514761,-87.407787
37.937561,-87.314173
38.052003,-87.278337
38.194501,-87.341396
37.954511,-87.321939
38.534652,-86.260372
39.812256,-84.889927
39.795867,-84.880759
39.806357,-84.945866
41.122988,-85.342146
41.124817,-85.356633
42.493056,-92.343889
42.743056,-92.513056
43.16944,-93.202426
43.158561,-93.203005
41.823283,-90.211982
41.874999,-90.177574
42.600834,-91.538493
42.9788,-91.8642
42.3353,-93.7577
42.3743,-93.7127
42.9155,-93.7163
42.5433,-93.1819
41.780261,-95.948435
41.657232,-91.503478
40.400959,-91.391012
41.910556,-91.651944
41.974722,-91.666667
41.980556,-91.669444
41.983333,-91.662778
42.281013,-91.526879
42.00508,-91.6793
41.941111,-91.633889
40.969112,-95.044951
41.400968,-91.067957
41.419429,-91.070975
41.387969,-91.054504
41.4069,-91.0616
43.123704,-94.693518
41.603159,-93.643118
41.584167,-93.641667
41.607778,-93.571944
41.583183,-93.58385
41.622778,-93.657778
41.673333,-93.698056
41.583889,-93.627778
41.603517,-93.7479
41.664722,-93.614167
41.264171,-95.896124
41.188855,-95.838381
42.376283,-95.075769
41.699174,-90.521944
41.530011,-90.587611
41.467236,-90.688451
41.550005,-90.600115
41.517772,-90.618755
41.6475,-90.430833
43.0673,-95.9777
41.882867,-93.6878
40.695078,-92.006318
40.71667,-91.95
41.285533,-93.583983
42.517968,-96.387903
42.695391,-93.655976
42.802258,-93.912332
42.886,-93.6758
39.979123,-95.568475
39.96667,-95.55
38.434141,-96.5605
39.00436,-95.22384
37.771944,-100.017778
38.974457,-94.687013
38.863056,-94.768889
38.838575,-94.746424
39.327391,-94.95102
38.135882,-94.731988
37.046944,-95.613333
37.06293,-95.63882
37.676308,-95.474659
37.781389,-97.337222
37.659334,-97.297714
37.651114,-97.362212
37.702066,-97.314847
37.747085,-97.316912
37.686389,-97.338056
39.04,-95.691667
39.021389,-95.748333
39.348452,-101.713405
37.47689,-97.366399
38.770081,-99.763424
39.087949,-94.621453
39.117219,-94.635605
39.046314,-94.694816
36.60843,-83.73694
38.91833,-84.852637
38.476,-82.63137
38.45934,-82.64041
38.369722,-82.600833
37.98629,-85.71192
39.065556,-84.451944
38.23887,-82.9881
36.91171,-87.323337
37.780776,-87.075307
37.13179,-86.142953
37.18333,-86.1
38.125833,-84.468333
38.06503,-84.49761
38.038889,-84.5075
38.219361,-84.8385
38.548136,-82.731163
37.93829,-86.89719
37.705612,-85.852629
37.8712,-87.46375
38.13784,-85.57648
38.23319,-85.81566
38.19113,-85.77935
38.20808,-85.655556
38.24024,-85.73195
38.06091,-85.89804
38.229,-85.7018
38.26355,-85.71025
38.23158,-85.82678
37.89147,-84.58825
39.0725,-84.525
37.087222,-84.063333
37.155392,-88.394024
37.07151,-88.33389
37.06636,-88.63774
37.05822,-88.57251
37.606389,-87.253889
37.738458,-84.284952
37.02702,-88.34387
37.319725,-86.956097
38.4002,-85.44428
37.28329,-83.20932
37.4826,-82.53532
37.09798,-84.61152
36.708607,-86.566284
36.901389,-88.013611
36.783889,-87.851944
38.71,-85.417778
36.993333,-86.418333
37.035438,-86.250628
30.233889,-90.968333
30.491944,-93.143889
32.53626,-93.74891
32.676389,-93.859722
32.478333,-93.765833
30.143333,-93.371944
30.261667,-93.284167
30.227778,-93.578333
30.177143,-93.214514
31.574236,-91.455236
30.419763,-91.181996
30.46198,-91.17922
30.700921,-91.056135
30.593978,-91.251943
31.5023,-92.4603
30.217778,-91.060556
30.4,-91.425
30.220556,-91.316111
30.206985,-91.129948
30.043573,-90.275091
29.883056,-90.083333
30.020892,-90.123099
29.999264,-90.211619
29.9198,-90.231783
30.2175,-92.051389
30.274833,-92.0172
29.763889,-90.765183
30.3125,-90.8125
29.9555,-90.12166
29.994444,-90.102778
29.953889,-90.076944
29.960593,-90.128173
30.016905,-89.927185
30.032329,-90.045465
29.957149,-90.063346
30.16635,-89.737333
30.0655,-89.804767
29.96249,-90.05689
32.509713,-92.046093
29.88546,-89.94952
29.119168,-89.206659
30.681736,-91.366172
31.177638,-92.410611
29.981944,-89.998611
29.93961,-89.92388
29.971443,-89.998605
29.984167,-90.410556
29.940833,-90.353056
29.933056,-90.359444
29.994444,-90.82
30.058333,-90.608333
29.715278,-91.21
30.245833,-89.77685
30.31445,-89.81415
30.26588,-89.76997
30.503056,-90.376944
29.678883,-90.779967
30.500643,-91.213556
32.057581,-92.435157
44.0457,-70.2902
44.089406,-70.214219
43.974622,-70.124608
47.355332,-68.322685
46.69838,-68.038929
46.682299,-68.016195
46.660782,-67.900175
46.69634,-68.032614
44.107524,-70.729165
43.677994,-70.256178
43.662372,-70.264929
43.561043,-70.207324
43.832458,-70.063815
44.351697,-68.22698
44.37705,-68.2609
44.423074,-68.805711
44.3179,-69.7919
44.312319,-69.786717
44.550136,-69.629881
44.230622,-69.785
44.568397,-69.62075
43.917955,-69.26059
44.062742,-69.093436
44.551419,-70.546319
44.250922,-70.860605
44.79886,-68.769675
44.8166,-68.82035
44.93345,-68.645594
44.735978,-68.670752
43.793566,-69.73175
43.981118,-69.828222
44.531907,-67.59587
44.963459,-67.060476
45.125837,-67.265408
43.656764,-70.629138
43.223554,-70.691556
43.343167,-70.471034
43.083333,-70.75
38.9025,-76.653056
39.169533,-76.627933
39.159722,-76.511667
39.462029,-76.631673
39.310833,-76.474444
39.243833,-76.709149
38.536722,-76.617194
39.444294,-77.042252
39.701444,-75.860051
38.508547,-76.811864
39.42276,-77.37519
39.70595,-79.012
39.410191,-76.296946
39.563333,-76.203889
39.305021,-75.797317
39.114313,-77.106876
39.055277,-76.878333
38.81194,-76.74417
39.564178,-77.720244
39.340556,-76.582222
39.34465,-76.68538
39.28777,-76.546861
39.232778,-76.579722
39.297733,-76.604603
39.261667,-76.6375
41.975804,-70.023598
42.452017,-73.255089
42.63668,-73.167428
42.448009,-73.254108
41.633278,-70.879162
41.685707,-71.169235
41.330469,-70.785225
42.474642,-70.970816
42.790268,-70.80835
42.770837,-71.10229
42.698215,-71.164413
42.19438,-72.555112
42.108992,-72.590803
42.105792,-72.597133
42.400579,-72.523109
42.298493,-72.334079
42.645771,-71.311167
42.62668,-71.362068
42.413574,-71.482775
42.211774,-71.11397
42.081936,-71.014739
42.348873,-71.097163
42.316394,-70.967773
42.309417,-71.055573
42.377833,-71.027138
42.372122,-71.061741
42.340251,-71.03835
42.317372,-70.968359
42.3295,-71.0826
42.3631,-71.0543
42.274319,-71.875511
42.260102,-71.798375
42.263955,-71.794322
42.767786,-86.148577
43.571391,-83.890721
44.616943,-86.109408
42.19779,-86.309694
41.89557,-86.001629
46.493611,-84.364167
46.481667,-84.331667
46.454,-84.6067
42.798339,-84.393795
46.139444,-87.907222
43.047224,-83.670159
43.168336,-83.461541
43.836388,-82.6429
42.738618,-84.534633
46.159883,-88.119627
42.278067,-85.54189
42.216389,-85.5525
42.956117,-85.679117
42.984173,-85.671339
42.938611,-85.671111
43.176672,-85.416608
47.9167,-89.150075
45.028898,-85.629146
41.995568,-83.946559
42.731394,-82.793463
42.51334,-83.005971
43.953334,-86.294415
43.578889,-84.189444
43.583056,-84.193889
43.578611,-84.195278
43.609167,-84.210556
43.591389,-84.209444
43.589444,-84.221111
43.576187,-84.321614
44.310555,-84.891865
41.763889,-83.471944
41.891667,-83.3375
41.886944,-83.364167
43.278061,-86.311083
43.233061,-86.23858
42.463063,-83.183199
42.894451,-85.852734
43.508333,-83.968056
42.953336,-82.456229
46.288877,-85.950227
42.293889,-83.711111
42.240565,-83.599602
42.22862,-83.2082
42.267231,-83.132086
42.302786,-83.10653
42.357808,-83.096033
42.43084,-83.000138
42.423063,-83.426263
42.292231,-83.106807
42.306674,-83.148754
42.187289,-83.153905
42.335008,-83.109563
42.323341,-83.068473
42.25,-83.2
45.07694,-93.2541
45.40184,-93.20306
45.13768,-93.207615
46.851811,-95.846272
46.70527,-92.52377
44.850655,-93.591809
47.159942,-94.150987
46.39674,-94.1303
44.833333,-93.115
44.76323,-93.03255
44.777199,-93.040974
44.77553,-93.06299
44.7468,-93.02611
44.73857,-93.00496
44.73846,-93.23725
44.473754,-93.012611
45.001229,-93.267117
44.980995,-93.273719
44.87551,-93.25892
44.95366,-93.25821
45.004478,-93.240046
44.97944,-93.26613
44.996463,-93.234882
44.893005,-93.233227
44.90057,-93.23828
45.03972,-93.29874
44.94805,-93.34315
48.605278,-93.402222
47.948622,-91.495574
47.023611,-91.686111
47.01665,-91.666804
44.4438,-95.81789
46.2053,-93.75945
43.996908,-92.450366
44.944134,-93.065125
44.96555,-93.05684
44.9558,-93.14585
44.89926,-93.01708
44.95072,-93.09827
44.95939,-93.03587
44.96133,-93.19019
43.71579,-96.191613
43.63333,-96.21667
46.78362,-92.10251
46.75154,-92.14127
48.41252,-92.829225
47.523355,-92.536305
46.77107,-92.11732
46.81826,-92.08936
46.76643,-92.13354
46.72938,-92.15998
46.757359,-92.126111
46.750412,-92.139603
44.791437,-93.512534
45.561234,-94.155267
45.549839,-94.13345
44.84621,-92.99558
44.84737,-92.9954
44.85711,-93.00352
45.11728,-92.85532
43.937299,-91.405348
44.05,-91.63333
45.20916,-93.66921
31.560752,-91.390405
33.746056,-90.723028
34.82166,-89.98783
31.323639,-89.287167
33.834444,-89.792778
30.230167,-89.567444
30.38,-89.448333
30.300833,-89.395916
30.26892,-89.44933
30.40966,-89.44114
30.393193,-89.580378
30.390369,-89.049778
30.566944,-89.180556
30.373678,-89.15513
30.449005,-89.052683
30.470916,-88.9827
32.385731,-90.1412
32.296806,-90.188306
30.378287,-88.53393
30.522778,-88.708611
31.688638,-89.135115
32.364565,-88.731491
34.264917,-88.766222
33.491121,-88.418567
34.955,-89.423
30.5295,-89.691056
32.275528,-90.132528
32.32,-89.666667
32.322833,-90.887111
38.956431,-92.321834
39.741694,-94.858584
38.75976,-94.57997
37.69,-94.035
39.407452,-94.265373
39.30309,-94.376623
39.331913,-94.580841
39.148647,-94.56524
39.5306,-94.556
38.795,-92.918056
38.8,-92.95
37.12263,-93.263353
37.199541,-93.284874
37.256136,-93.299886
37.104461,-93.253337
37.108959,-93.25297
37.108681,-93.272415
37.624064,-91.128396
37.651843,-91.131066
37.486178,-90.690112
37.471734,-90.689556
39.036,-94.5741
39.104758,-94.570796
39.07587,-94.521627
37.198286,-94.317246
38.26339,-90.37883
38.267085,-90.378853
38.261999,-90.394271
38.286154,-90.381044
38.241155,-90.376903
38.268254,-90.373903
38.43783,-90.361492
38.271814,-90.376583
38.261792,-90.378844
38.266,-90.3846
39.0447,-90.8647
40.56,-93.418333
39.474976,-91.788991
37.70264,-89.69864
39.3726,-90.9144
39.300033,-94.700244
38.872546,-90.226488
38.8994,-90.44917
37.90084,-90.42388
37.967281,-90.051204
38.53278,-90.38243
38.4902,-90.7052
38.61366,-90.495941
38.7109,-90.4759
38.649771,-90.350659
38.650259,-90.350463
38.766158,-90.285934
36.97,-90.14
40.23997,-92.87771
36.613879,-92.92228
38.542551,-90.263711
38.624216,-90.198709
38.656498,-90.198646
38.673221,-90.239166
38.642857,-90.185059
38.69075,-90.209306
38.654449,-90.185376
45.053889,-106.812222
45.064167,-106.788333
45.053976,-106.737284
45.117222,-106.876389
45.099722,-106.9
45.034428,-106.758274
45.098202,-106.839029
45.1353,-106.921142
45.061389,-106.816667
47.494318,-111.303317
47.566898,-111.051848
47.502222,-111.278889
47.53,-111.283611
47.582225,-108.720383
48.381111,-114.174722
48.400407,-114.336962
48.20229,-114.31349
48.20054,-114.305334
48.408496,-114.151261
48.378218,-114.120425
48.365,-114.145556
48.5103,-113.99681
45.726223,-111.068135
45.772778,-111.1775
44.667412,-111.102209
44.657778,-111.090833
48.555278,-113.008889
48.52889,-113.025
46.356389,-112.069722
46.381111,-112.123611
47.526944,-114.100556
47.692222,-114.162222
47.773283,-114.269975
46.603889,-112.035278
46.954475,-112.696742
46.658762,-112.013089
46.826103,-111.711573
48.391545,-115.553309
47.543584,-105.930978
46.848889,-114.016111
46.9425,-114.203889
47.1771,-113.4827
46.842181,-114.021499
46.874912,-113.995253
46.948056,-114.122222
47.122091,-113.155326
46.244328,-114.158166
46.243621,-114.158889
45.859686,-114.001032
48.30795,-105.102866
45.623333,-106.668056
45.648333,-106.556667
45.973889,-106.653333
47.594395,-115.323746
47.580222,-115.254972
47.954771,-115.671925
48.487054,-104.476346
46.002602,-112.501247
45.982222,-112.508333
45.502214,-110.085657
45.51477,-110.092956
45.515473,-110.100895
45.794398,-108.498555
45.656389,-108.765833
45.786579,-108.45878
45.831453,-108.449964
45.7804,-108.511542
45.942631,-108.35096
45.801944,-108.426111
45.803889,-108.445556
45.81,-108.413056
45.832778,-108.377778
40.865556,-96.146667
40.868854,-96.143089
40.873309,-96.183359
40.859444,-99.987778
40.9275,-100.162778
41.247486,-95.973142
41.207958,-95.945897
41.360278,-96.024722
41.306758,-95.960967
41.259167,-96.028333
41.258611,-96.033333
41.205556,-96.122222
41.257442,-95.983731
41.197847,-96.056686
41.297778,-95.9375
41.26777,-95.94083
41.362433,-95.976112
41.762681,-102.434108
40.942099,-98.364967
40.984722,-96.677222
40.81259,-96.68302
41.136111,-100.764444
41.133294,-95.956103
41.865,-103.664444
41.888789,-100.339141
42.148699,-96.432113
41.551211,-96.146175
39.472471,-118.783624
36.028889,-114.988889
36.174444,-115.135278
36.245278,-115.092222
36.391007,-114.907406
36.807913,-114.060879
36.106372,-115.253352
36.169751,-115.263025
36.224722,-115.266667
36.173416,-115.332714
36.270583,-115.238256
36.04874,-115.052881
36.142957,-115.056305
36.144444,-115.085556
36.163959,-115.113916
36.17639,-115.10278
35.978125,-114.846298
35.785671,-115.357048
36.1205,-115.13
36.101389,-115.171944
36.19126,-115.12293
38.9605,-119.941564
40.840278,-115.7675
41.892499,-115.427015
38.951811,-118.81557
36.349408,-116.031976
36.195996,-116.004882
36.159639,-115.996263
36.212787,-115.994802
39.525083,-119.807717
39.469219,-119.775354
39.532004,-119.784982
39.399837,-119.739606
39.540917,-119.746761
39.250409,-119.956738
39.455278,-119.761944
39.645264,-119.840025
39.00512,-114.21593
39.173056,-119.759167
43.566111,-71.496361
42.930472,-72.272389
44.471111,-71.166667
44.270167,-71.30375
44.308167,-71.217694
45.051111,-71.391944
43.629611,-72.309583
42.995778,-71.462528
42.764444,-71.4675
42.718664,-71.522427
42.762056,-71.444583
42.86175,-71.878389
43.13244,-71.458306
43.2185,-71.5145
43.075333,-70.748
43.045278,-70.713806
43.364444,-72.338333
39.530256,-74.460281
39.464872,-74.448736
39.36326,-74.431
40.852256,-73.973314
40.854583,-73.967772
40.89858,-74.0299
40.882373,-74.042172
40.078062,-74.857717
39.923042,-75.097617
39.912431,-75.116864
39.68425,-74.861491
39.989036,-75.050008
39.422273,-75.025204
40.730286,-74.212738
40.757501,-74.2005
39.800339,-75.212119
39.82572,-75.28939
40.67025,-74.126081
40.731645,-74.066308
40.725454,-74.05229
40.772793,-74.031718
40.515262,-74.806671
40.283092,-74.742644
40.222411,-74.763167
40.31239,-74.87266
40.472825,-74.422403
40.462182,-74.429439
40.472327,-74.470986
40.508764,-74.268083
40.277647,-74.0051
40.259895,-74.274689
40.797342,-74.482494
40.801211,-74.483433
40.787628,-74.676301
40.06483,-74.44405
39.994908,-74.170447
40.918381,-74.168092
40.915747,-74.176733
40.927458,-74.160611
41.058617,-74.255544
40.662389,-74.214817
40.64144,-74.208365
40.673406,-74.213889
40.603943,-74.276174
40.699207,-75.180525
35.10728,-106.56359
35.1343,-106.5852
35.0631,-106.578785
35.1443,-106.60468
35.1539,-106.69715
35.102652,-106.577438
35.01708,-106.65739
35.1852,-106.50815
35.19324,-106.613815
35.2022,-106.64927
33.220502,-108.235719
33.396944,-104.523611
33.459914,-104.404711
31.930556,-106.630556
32.003611,-106.599167
31.795833,-106.5575
32.424722,-106.674167
32.041111,-106.409167
31.796111,-106.583889
31.787778,-106.682778
32.3175,-106.767778
32.278056,-106.864444
32.321944,-106.767778
32.281389,-106.767222
32.855556,-104.411389
32.38,-104.262222
32.696944,-108.128056
32.784444,-108.271667
32.691944,-108.124444
32.724722,-103.128611
32.726656,-103.122917
33.468809,-105.535444
35.804167,-106.298056
32.267222,-107.755278
36.013945,-106.845299
35.297222,-106.544444
35.299444,-106.548333
35.238056,-106.649444
35.615278,-106.724444
35.5064,-106.7222
35.3394,-106.5239
36.7275,-108.220833
36.742222,-107.976944
36.80973,-107.65158
36.796667,-108.4725
36.8071,-108.69523
35.666111,-105.971111
35.671111,-105.953611
33.869593,-106.852584
36.383333,-105.583333
36.58544,-105.452563
42.64225,-73.75464
42.68075,-73.75733
40.83606,-73.92009
40.86585,-73.88083
40.81618,-73.902
40.81551,-73.88553
40.80833,-73.92612
42.49963,-79.31881
42.29071,-79.58961
42.11096,-76.80221
41.78555,-73.74136
42.99328,-78.77153
42.876907,-78.809526
42.8273,-78.84984
42.99551,-78.90152
44.36608,-73.90312
44.39308,-73.8589
44.43426,-74.24593
44.980577,-74.695005
43.44957,-74.51625
43.68578,-74.98538
44.08747,-75.97316
40.64182,-74.01871
40.69568,-73.9841
40.69454,-73.92769
40.68419,-73.99298
40.71961,-73.94771
42.73046,-75.78444
43.14618,-77.54817
40.74316,-73.58549
40.63103,-73.73388
40.75912,-73.96661
40.72052,-74.00409
40.75623,-73.97657
40.7997,-73.93432
40.84955,-73.935649
40.72333,-73.98231
40.81133,-73.95321
40.71163,-74.00535
40.73,-73.98446
43.22386,-78.47888
43.08218,-79.00106
43.30268,-75.71978
43.09892,-75.22506
43.04257,-76.1433
43.05235,-76.05921
41.49916,-74.00885
41.46107,-74.36343
41.45869,-74.35404
41.46964,-74.37217
41.52375,-74.21534
43.28428,-76.46324
41.45589,-73.70977
40.7842,-73.84757
40.72698,-73.89313
40.73614,-73.82153
42.78189,-73.46363
42.73194,-73.68909
40.63307,-74.13719
40.59664,-74.12525
40.57811,-74.1843
40.58027,-74.19832
40.63137,-74.15732
40.58806,-74.16882
40.58056,-74.15178
44.67811,-74.95151
43.01209,-73.6489
42.79901,-73.9389
42.09142,-77.20978
40.745833,-73.420278
40.74529,-73.41919
40.96078,-72.71238
40.82799,-73.05754
40.82686,-73.05734
42.4006,-76.6538
42.14403,-74.49431
43.23086,-77.17136
40.93149,-73.76575
41.05192,-73.76366
36.089004,-79.407821
35.928999,-81.189758
35.972347,-81.933072
35.365833,-76.772778
35.345,-76.78333
35.500102,-82.59986
35.6075,-82.583333
35.57222,-82.55889
35.935833,-81.530278
36.307033,-79.467417
35.728889,-81.365556
35.7278,-81.3425
35.757222,-79.159722
35.029403,-78.929234
35.158686,-78.728035
35.041416,-78.953112
34.968889,-78.9625
35.814444,-80.2625
35.77881,-80.30236
35.84119,-80.24452
35.809289,-80.559115
34.954823,-77.960781
35.991944,-78.896389
36.035556,-78.904167
35.892868,-78.876445
35.93355,-77.75007
35.988333,-77.582778
36.110556,-80.226667
36.065833,-80.258333
36.171389,-80.281944
36.203056,-80.215833
36.026,-80.342
36.050833,-80.143889
36.096189,-78.463719
35.253056,-81.153333
35.25793,-83.79562
36.141111,-78.768056
36.113333,-79.703889
36.109167,-79.801111
36.088072,-79.794733
35.505278,-82.964722
35.489167,-82.9875
35.379167,-82.7925
35.587144,-83.074156
35.313296,-82.46165
35.45109,-76.207165
35.524444,-83.236111
35.466667,-83.278056
35.590833,-78.461944
35.231459,-77.568792
35.438556,-81.27675
35.687406,-81.993808
35.81066,-76.906249
35.251717,-80.824717
35.225278,-80.882778
35.2401,-80.785683
35.151283,-80.866983
35.498433,-80.852585
35.113164,-80.919532
35.347222,-80.695
35.915278,-82.073333
35.2632,-79.836613
34.364167,-77.838611
34.268403,-77.956529
34.23583,-77.9547
34.772828,-77.42796
35.901944,-79.056667
36.306965,-79.09197
35.594167,-77.386111
35.583333,-77.598889
34.645,-78.99028
36.308889,-79.859167
35.551868,-80.395039
35.534482,-80.66756
35.024722,-78.291667
35.434767,-83.442133
34.973889,-80.540833
35.856111,-78.574167
35.596944,-78.7925
35.842778,-78.679722
36.221944,-81.663056
35.369214,-77.993893
35.737735,-82.285229
47.978668,-99.006767
46.8943,-103.37853
48.9904,-102.7815
48.876553,-102.56842
48.64193,-102.4018
46.825425,-100.76821
46.933754,-96.85535
47.3132,-102.5273
47.5812,-103.2995
47.575278,-103.968889
47.990278,-102.588333
47.605556,-104.017222
47.606667,-102.036389
47.298611,-101.766944
47.325,-101.765833
47.371667,-101.780833
47.385725,-101.862917
47.400619,-101.92865
46.84175,-100.870059
46.873075,-100.905039
47.185833,-101.428056
48.408834,-102.90765
48.392644,-102.910233
38.794667,-83.533988
40.772926,-84.052997
40.7532,-84.083935
40.752436,-84.066869
40.744049,-84.090827
41.959695,-80.572808
39.442165,-81.908827
39.31667,-82.1
39.96856,-80.74492
39.4938,-84.3543
39.383382,-84.544413
39.49014,-84.369652
39.33839,-84.5666
39.52455,-84.369652
39.528439,-84.3942
40.00103,-83.80456
39.85567,-83.99773
39.92882,-83.80949
38.961273,-84.09445
39.0828,-84.1441
39.430038,-83.788502
40.631545,-80.547181
40.639595,-80.524019
40.635275,-80.546642
41.480891,-81.703803
41.55523,-81.575256
41.477011,-81.682383
41.4823,-81.708906
41.471782,-81.656792
41.49984,-81.68656
41.446342,-81.6507
41.442832,-81.649289
41.504661,-81.690186
41.441532,-81.704453
41.492117,-81.678449
41.473092,-81.676596
41.36189,-81.864608
41.446682,-81.662419
41.454782,-81.634419
41.519003,-81.637754
41.456813,-81.592358
41.39629,-81.818667
41.537344,-81.458834
40.356694,-83.063971
40.060124,-82.976857
39.99875,-82.99344
39.92845,-82.98104
39.913761,-82.957462
40.0845,-82.81552
40.002734,-82.994404
39.959561,-83.001817
39.96523,-82.95549
40.0877,-82.959773
41.57588,-83.9959
38.944167,-82.112222
41.515051,-81.249906
39.80834,-83.88705
39.66575,-83.94268
39.104765,-84.513526
39.2787,-84.36612
39.21494,-84.69086
39.19433,-84.47898
39.101546,-84.51125
39.12886,-84.50404
39.185967,-84.513719
39.10492,-84.55117
39.290319,-84.414356
39.138374,-84.71157
39.170925,-84.518663
39.114126,-84.536297
39.159999,-84.439161
39.226729,-84.453978
39.16032,-84.45826
39.180527,-84.49215
39.150042,-84.516585
41.0098,-83.6903
41.010389,-83.69789
41.02317,-83.682965
40.26157,-80.6335
40.36644,-80.61558
40.32207,-80.6063
40.310025,-82.691724
41.673006,-81.422455
41.666886,-81.338781
41.754963,-81.273114
41.72229,-81.24248
38.502828,-82.647078
38.52079,-82.66641
38.520043,-82.665331
38.62901,-82.45886
40.026037,-82.433
40.23835,-82.693334
40.343296,-83.75657
40.343693,-83.761045
40.341467,-83.7585
40.343674,-83.755621
41.439458,-82.161501
41.420882,-82.095729
41.463071,-82.114261
41.663405,-83.47596
41.644067,-83.54625
41.66579,-83.47611
41.620633,-83.64225
41.494174,-83.718944
41.675213,-83.30693
41.719483,-83.47515
41.679867,-83.4785
39.78819,-83.47606
41.111126,-80.645062
41.116682,-80.669507
41.096142,-80.658856
41.095938,-80.658516
41.10087,-81.911636
39.03769,-82.04508
40.08502,-84.113808
39.787222,-84.226111
39.759533,-84.144201
39.760659,-84.187678
39.780708,-84.182144
39.75791,-84.191993
39.71451,-84.21804
39.6317,-81.672878
39.940029,-81.3387
41.479182,-83.220425
41.486126,-83.20209
41.496126,-83.190701
41.539182,-83.212091
41.492515,-83.231258
41.493111,-83.223111
41.495848,-83.206812
41.496959,-83.20209
41.494737,-83.214313
41.1644,-81.2352
41.182466,-81.330486
39.83562,-84.72049
38.752412,-82.936797
38.754595,-82.917
38.735056,-82.998726
38.609338,-82.822512
38.600659,-82.829644
38.588083,-82.834835
38.813934,-82.727358
40.828052,-81.378333
40.786878,-81.394186
40.708798,-81.600797
40.800729,-81.373008
40.931398,-81.123519
41.079486,-81.516059
41.063526,-81.468956
41.106486,-81.503547
41.080266,-81.516228
41.087956,-81.541611
41.231167,-80.801914
41.202237,-80.810644
41.214577,-80.787053
41.454235,-80.591036
41.240456,-80.662559
40.511106,-81.638956
39.42689,-84.20077
39.432117,-81.460443
39.374444,-81.525833
39.43147,-81.50131
39.376964,-81.537298
41.377685,-83.611104
40.9534,-83.3777
40.9715,-83.3416
35.750735,-94.669697
35.8,-94.61667
35.111944,-98.252778
35.479215,-97.751503
34.166667,-97.126389
34.257125,-97.474341
35.85408,-94.985964
35.320105,-97.484099
34.626418,-98.383173
34.732404,-98.713351
36.105481,-96.361196
35.515969,-98.966927
36.158414,-98.931973
36.085509,-99.935376
36.420278,-97.886944
33.892302,-97.857165
36.704761,-97.087656
36.697794,-97.0888
36.956222,-97.03135
35.6725,-96.657222
33.880812,-97.275896
35.159649,-97.473794
36.304624,-95.310616
36.228408,-95.249943
35.793134,-95.302235
35.755273,-95.377669
35.640833,-97.483611
35.477036,-97.494309
35.47292,-97.52709
35.507203,-97.533616
35.477801,-97.303044
35.614131,-97.475083
36.161745,-96.015784
36.922222,-94.838889
36.9858,-94.8492
36.9846,-94.8249
36.985702,-94.83931
36.9716,-94.825
34.90227,-95.784375
35.581174,-94.830059
36.14004,-95.925382
36.357438,-95.999247
35.953708,-96.004975
36.149877,-96.011664
36.133802,-95.764537
36.141697,-95.983793
36.126945,-95.998941
36.204902,-95.976537
44.787583,-117.841447
44.78822,-117.8446
44.5884,-123.2673
45.25928,-122.588151
45.28845,-121.782775
45.443178,-122.638042
45.768531,-122.7721
44.059722,-121.324167
44.063916,-121.312554
44.0921,-121.2628
43.2266,-123.36479
42.94892,-123.36295
44.4172,-118.9547
43.586389,-119.051111
42.326667,-122.871389
42.341389,-122.875833
42.623225,-122.810158
42.31411,-122.87923
42.229891,-122.7877
42.536111,-122.875
42.341987,-122.9102
42.33155,-122.880266
42.426705,-122.852272
42.4425,-123.326667
42.104278,-123.681083
42.290094,-123.2321
42.434139,-123.348466
42.190296,-121.731369
42.206111,-121.728889
42.895957,-122.13593
42.91,-122.139722
42.189215,-120.353969
44.047896,-123.092049
44.066304,-123.139831
44.026312,-123.083737
44.19982,-122.044547
43.8345,-123.0353
44.046696,-123.017704
43.744352,-122.480487
44.04564,-123.082217
43.790472,-123.058344
44.612522,-123.928405
44.61569,-123.091457
44.383611,-121.863333
44.81029,-122.915085
44.950278,-122.983056
44.943114,-123.005934
45.545172,-122.705534
45.49742,-122.67467
45.496641,-122.602877
45.519167,-122.673333
45.504167,-122.577778
45.535,-122.698889
45.56137,-122.6679
45.521846,-122.749289
45.5609,-122.67152
45.652231,-118.823033
45.327222,-118.078056
45.224748,-118.513962
45.43744,-117.897794
45.339,-118.095206
45.426351,-117.296066
45.079864,-116.844808
45.602419,-121.203387
45.528501,-122.972398
45.470191,-122.816411
39.92002,-77.30968
39.93,-77.25
40.499767,-80.071337
40.46542,-79.960757
40.445577,-80.016155
40.413611,-79.941389
40.443367,-79.990293
40.414444,-79.942222
40.438359,-79.99664
40.323768,-79.868062
40.375644,-80.169943
40.456427,-80.02674
40.606624,-80.021669
40.486944,-80.188056
40.473611,-80.077222
40.260129,-79.886498
40.613949,-79.72941
40.617488,-79.727664
40.402328,-79.860973
40.396667,-79.863611
40.318056,-79.881111
40.326008,-79.881703
40.294341,-79.885331
40.308219,-79.869134
40.546944,-79.783889
40.814183,-79.56475
40.56252,-80.503948
40.684722,-80.359722
40.747796,-80.316442
40.685019,-80.324775
40.4663,-75.7589
40.320278,-75.926667
40.350833,-75.935278
40.476667,-75.759167
40.377222,-75.914444
40.535278,-78.370833
40.107222,-74.882222
40.309722,-78.915
40.348056,-78.882778
40.803056,-75.608333
40.811389,-77.877028
39.834461,-75.768242
41.1175,-78.526194
40.246528,-77.18675
40.283348,-76.880221
40.246992,-76.846988
40.272222,-76.681389
39.835556,-75.3725
42.14175,-80.038611
39.961111,-77.475556
39.80933,-80.26567
40.56333,-78.919972
41.479116,-75.578186
41.442778,-75.623056
40.046667,-76.283333
40.995848,-80.346442
40.611944,-75.4325
41.209167,-76.003333
41.265556,-75.846389
41.250278,-75.880278
41.2508,-76.9238
41.215014,-80.484779
41.426911,-80.145067
40.112222,-75.309167
40.628056,-75.341111
40.734449,-75.312389
40.692224,-75.237156
40.456944,-77.165556
39.94418,-75.165722
40.008889,-75.09778
40.049616,-75.240822
40.002222,-75.220278
40.0764,-75.011549
40.010556,-75.151944
39.957222,-75.173056
39.98,-75.156111
39.944651,-75.165206
39.991389,-75.080833
39.922867,-75.186921
39.9275,-75.222778
39.9825,-75.083056
39.985,-75.085
40.820556,-76.212222
41.644722,-76.939167
41.857222,-79.1375
41.844722,-79.169722
40.146667,-79.902222
40.170556,-80.261389
40.445278,-80.420833
40.428076,-79.692811
40.161777,-79.884666
40.304694,-79.505667
39.965278,-76.699444
41.615237,-71.72
41.73669,-71.43635
41.737969,-71.41441
41.7055,-71.37752
41.70549,-71.44176
41.715811,-71.43755
41.71884,-71.3764
41.825556,-71.405278
41.807776,-71.415105
41.874668,-71.379971
41.822499,-71.410659
41.809235,-71.40743
41.816435,-71.437899
41.823611,-71.411667
41.841573,-71.36077
41.49511,-71.423705
34.325318,-82.386376
33.342226,-81.788731
34.776927,-82.490386
33.320344,-81.465537
32.434882,-80.677853
32.987252,-79.9367
32.882289,-79.977538
32.795894,-79.946917
32.941023,-79.657187
32.844606,-79.948036
32.980254,-80.06501
32.790984,-79.958694
35.130396,-81.816567
34.79297,-81.203724
34.615367,-80.198787
33.007866,-80.965038
34.285696,-79.744859
33.739963,-81.853635
34.167636,-79.850404
33.362014,-79.294251
33.347903,-79.298192
33.373994,-79.285697
33.367807,-79.298399
33.36638,-79.297257
34.838814,-82.402918
34.899141,-82.31307
34.867524,-82.422594
34.884511,-82.359807
34.817197,-82.418487
34.854799,-82.380631
34.842279,-82.401163
34.870243,-82.419309
34.939786,-82.22961
34.179381,-82.152241
34.165204,-82.160479
34.212869,-82.173149
33.702771,-78.877478
34.051017,-81.15495
33.973389,-81.052675
33.969004,-81.065326
34.805261,-83.2377
34.653606,-82.838659
34.093959,-80.962304
33.982253,-81.040235
33.991509,-81.024141
34.015494,-81.034179
33.81468,-80.781135
34.131262,-80.868318
34.024497,-81.036248
34.947726,-81.932555
34.988706,-82.075802
34.926839,-82.005211
33.922369,-80.337735
34.539378,-81.560354
33.723808,-79.565096
34.963013,-81.000894
34.935817,-81.228409
44.310283,-96.80071
45.4625,-98.486111
44.89965,-97.128802
43.768683,-103.584732
43.55764,-103.48386
43.74561,-101.941218
43.746944,-101.941111
44.155636,-103.315765
43.544289,-96.726435
43.537626,-96.682001
44.083489,-103.269603
44.064932,-103.209138
44.087397,-103.273777
44.078352,-103.22824
35.96522,-84.22316
35.775,-83.965833
35.768056,-83.976667
35.790428,-83.927484
35.836819,-83.82348
35.768847,-83.942152
35.63348,-83.941606
35.603056,-83.783611
35.283164,-84.759371
35.278164,-84.753816
35.188721,-84.867152
35.582222,-86.015556
36.143244,-86.754611
36.205,-86.744722
36.159671,-86.781149
36.176326,-86.738902
36.162763,-86.854927
36.1,-86.734444
36.150742,-86.623301
36.176389,-86.762222
36.118251,-86.873547
36.059907,-87.352381
36.038924,-89.382126
35.017139,-85.322056
34.99438,-85.24293
35.233476,-85.181581
35.050918,-85.293019
35.102638,-85.162194
36.105629,-83.602077
36.085508,-83.764806
35.968734,-83.911379
35.983056,-83.952253
35.944601,-84.03598
35.980421,-83.932814
35.978074,-83.950666
36.019186,-83.87381
35.115968,-87.469954
35.744539,-84.317057
35.29733,-84.75076
35.450115,-84.596195
35.637602,-88.834496
35.609722,-88.815556
35.651349,-88.809578
35.65188,-87.0096
35.289379,-84.946111
36.520298,-87.3955
36.505185,-87.397708
36.514712,-87.328047
36.625,-87.169167
35.026111,-84.384722
34.988333,-84.371667
36.173611,-85.509444
35.939078,-84.542802
35.947222,-84.522222
35.868153,-84.698258
35.873152,-84.689646
35.732878,-86.598872
35.696667,-83.609722
35.562778,-83.498056
35.085833,-89.949444
35.165746,-89.970897
35.217501,-90.019707
35.0434,-90.0136
35.125556,-89.983611
35.184167,-89.930278
35.27346,-89.961217
35.168894,-90.021537
35.378153,-89.83447
35.087222,-90.133611
35.188,-89.642
36.389722,-87.633333
36.534804,-82.517078
36.513971,-82.560968
36.513611,-82.533333
36.538762,-82.521565
36.541439,-82.424824
36.58211,-82.485742
36.525556,-82.273333
36.524722,-82.268056
36.528056,-82.268333
36.29756,-86.653137
36.453975,-86.564149
36.220922,-83.711283
36.228145,-83.709615
36.224024,-83.714841
35.951534,-87.137005
36.060833,-86.286261
29.51509,-98.620166
29.426944,-98.486389
29.445046,-98.406501
29.632058,-98.564936
29.587741,-98.312512
29.407295,-98.431251
29.275381,-98.311692
29.422183,-98.505381
33.425758,-94.070802
29.010841,-95.397744
29.520443,-95.392509
29.043759,-95.472946
30.3658,-103.6491
29.30265,-103.17781
25.892518,-97.49383
26.135173,-97.630039
26.069615,-97.1622
29.546244,-94.786969
33.142336,-96.824683
33.1324,-96.786419
33.147414,-96.825769
33.144662,-96.828809
31.833333,-104.809722
32.744981,-96.781883
32.916667,-96.768611
32.774262,-96.797686
32.778889,-96.873056
32.820061,-96.860117
32.919206,-96.808498
32.676451,-96.87206
32.769379,-96.546299
32.7106,-96.8033
33.219069,-97.196284
31.836575,-102.342037
31.870253,-102.334756
32.436944,-97.025
32.482083,-97.026899
32.473611,-97.0425
31.757654,-106.482922
31.785769,-106.323578
31.776944,-106.501667
31.768291,-106.50126
31.7338,-106.3721
31.765685,-106.455227
31.775942,-106.413177
31.67301,-106.28425
31.801944,-106.420556
31.758532,-106.501045
31.703846,-106.356022
31.746775,-106.402806
31.6675,-106.288
31.893913,-106.425827
31.813889,-106.463056
31.6869,-106.3228
29.962475,-96.745875
29.384444,-94.930833
29.385234,-94.93152
29.263319,-94.856568
29.39,-94.919444
32.378682,-94.711811
29.901036,-95.326137
29.802707,-95.125495
30.039524,-95.673951
29.854288,-95.128711
29.828086,-95.284096
29.834167,-95.489167
29.623889,-95.474167
29.695729,-95.499219
29.734231,-95.238469
29.770698,-95.031232
29.807415,-95.293622
29.615001,-95.018132
29.625556,-95.267222
29.723333,-95.635833
29.947554,-95.542821
29.706249,-95.26113
29.735129,-95.315583
29.716483,-95.20133
29.752778,-95.350278
29.718799,-95.259909
29.764788,-95.178538
29.761653,-95.081386
29.767997,-95.220582
29.733726,-95.257593
29.670025,-95.128508
29.613056,-95.173333
30.05846,-95.189751
29.672,-95.0647
29.583047,-95.015544
29.68436,-95.253598
32.668987,-94.167457
30.214616,-98.083347
26.309858,-98.183101
26.22621,-98.291069
32.442304,-97.803529
33.153088,-96.115572
30.669362,-104.024657
30.036422,-94.071061
29.897516,-93.991084
29.961124,-93.895928
29.982531,-93.952866
29.942798,-94.00077
29.893849,-93.979262
30.06607,-94.077383
29.922894,-93.909018
29.863957,-94.317802
29.728,-93.894
29.9425,-94.000556
29.867756,-93.951163
32.353595,-97.436742
32.564968,-96.317687
27.426981,-97.298692
33.590851,-101.847594
28.704607,-100.451156
30.350302,-95.425128
27.76534,-97.434262
27.832409,-97.55538
27.807544,-97.419258
27.804505,-97.431582
27.811817,-97.465703
27.803806,-97.413763
30.085263,-93.761341
30.194167,-93.866944
32.868773,-97.905931
35.209963,-101.83192
35.201592,-101.909275
32.936523,-96.459211
32.344008,-95.415752
32.987891,-97.477175
32.805818,-97.356568
32.759143,-97.342334
32.922474,-97.282088
32.693056,-97.248611
32.810833,-97.336944
32.98426,-97.063721
32.7392,-97.47033
32.656357,-97.088585
30.354436,-97.760255
30.483168,-97.872301
30.263208,-97.712883
30.4186,-97.6014
30.2632,-97.7131
30.3544,-97.7602
30.2322,-97.7444
30.3926,-97.7285
29.47083,-100.99777
28.83617,-97.00553
27.517449,-99.515219
27.501826,-99.502984
27.599444,-99.533333
33.863022,-98.571788
30.5326,-97.6849
41.492707,-112.018863
41.94595,-112.233179
41.731111,-111.8375
41.8594,-111.8952
41.63546,-111.86819
40.902967,-111.884467
41.041667,-112.2325
41.088611,-112.116389
40.216779,-110.182742
37.618383,-112.174368
40.646667,-111.849722
40.8075,-111.921111
40.741111,-111.888056
40.708611,-112.094722
40.736389,-112.210278
40.807778,-112.048056
40.736389,-111.872222
40.704444,-111.968611
40.517946,-112.023051
40.614733,-112.000267
38.45832,-109.82126
40.543309,-112.299618
40.943889,-112.563889
40.483598,-109.906796
40.253611,-111.663056
40.240278,-111.658889
40.341389,-111.713611
40.430278,-111.803889
40.136336,-111.660502
37.1983,-113.1506
38.302177,-111.293349
41.206321,-111.975524
41.219722,-111.969444
41.179722,-111.983056
41.303614,-111.987871
43.926516,-73.384638
43.867686,-73.356172
42.88759,-73.24984
43.148176,-73.126323
44.52839,-72.86884
44.480278,-73.214444
44.4762,-73.2106
43.608056,-72.982778
42.888889,-72.554167
38.8577,-77.05922
38.20087,-77.37742
36.70067,-80.87978
37.34438,-77.25925
37.43467,-77.45118
37.35748,-77.59355
38.45552,-78.0112
38.8941,-77.4652
38.74232,-77.07743
38.77335,-77.10468
38.83738,-77.16338
38.9326,-77.19822
38.47367,-77.76772
39.28102,-78.08157
39.131777,-78.199528
39.256638,-78.090222
37.60613,-77.2188
37.55652,-77.40027
37.67132,-77.5664
37.557966,-76.795317
39.02473,-77.48925
38.5231,-78.43471
38.66373,-78.50442
38.85287,-77.63462
37.28342,-79.88452
37.62668,-79.51257
38.47753,-78.81952
38.48123,-77.3704
38.93095,-78.19847
36.89117,-81.25423
38.810403,-77.04435
36.608,-82.1641
38.0325,-78.476944
38.30225,-77.48712
37.000983,-76.398633
37.332706,-79.215011
36.850278,-76.257778
36.85555,-76.30135
37.539444,-77.532778
37.5626,-77.465
37.273994,-79.999448
37.256111,-79.985
37.297167,-79.955733
37.291944,-80.056944
36.90118,-76.43808
36.66525,-76.73078
36.841883,-76.181233
39.18397,-78.16308
47.12,-118.3819
46.425416,-117.060445
46.21835,-119.204153
47.412222,-120.318333
47.83861,-120.023076
47.470563,-120.336931
47.600031,-120.659168
47.598863,-120.664702
48.008465,-122.972863
48.11697,-123.464555
48.133056,-123.464444
48.0975,-123.425556
48.006295,-122.973953
45.638611,-122.645833
45.616667,-122.516667
45.648333,-122.586944
45.661944,-122.651944
45.623889,-122.611944
45.8639,-122.410889
45.641683,-122.681233
46.531521,-118.216671
46.119444,-122.945833
46.139444,-122.961944
46.5754,-119.0021
47.1303,-119.2737
47.20637,-124.1722
46.97228,-123.83173
48.12919,-122.77897
47.5525,-122.064722
47.49022,-121.77278
47.6325,-122.142778
47.1411,-121.9379
47.755,-122.2806
47.795,-122.129444
47.545556,-122.322222
47.61311,-122.20161
47.685833,-122.251667
47.6153,-122.33
47.55975,-122.338265
47.611667,-122.3375
47.568236,-122.308628
47.661944,-122.312778
47.53091,-122.3208
47.386111,-122.230278
47.210833,-122.057222
46.99364,-120.545
47.399815,-121.427096
45.666204,-121.000708
45.749818,-121.401159
46.624347,-121.386869
47.227833,-123.114564
48.36451,-120.121113
48.47724,-120.19057
48.387531,-119.928671
46.7841,-121.740367
47.1864,-122.4517
47.2656,-122.3858
47.249167,-122.436389
46.843056,-122.3175
46.75838,-122.12429
47.304444,-122.412
47.14,-122.3003
47.211,-122.357
48.539444,-121.446944
48.4102,-122.3376
48.460101,-122.51911
48.394144,-122.499203
48.5331,-122.1014
45.57,-122.2
45.648384,-121.943105
47.8064,-122.3167
47.823108,-122.310242
48.054315,-122.171529
47.41645,-117.52997
47.660743,-117.358121
47.669444,-117.395278
47.82728,-117.27422
47.69978,-117.42635
47.653889,-117.416944
47.695447,-117.370303
47.799851,-117.801091
47.665122,-117.429093
47.6822,-117.3048
48.544722,-117.903611
46.936389,-122.610833
47.029396,-122.821548
46.05881,-118.35147
46.199901,-119.008329
48.95074,-122.55441
48.76278,-122.44028
48.73142,-121.065815
46.72447,-117.18014
46.8153,-117.8739
47.23136,-117.36856
46.319467,-119.998524
46.598056,-120.499167
46.602778,-120.504167
39.448006,-77.964125
40.341023,-80.596635
40.389655,-80.586235
40.394583,-80.612017
38.424133,-82.4259
37.908533,-80.632633
40.529021,-80.576067
40.460138,-80.576567
40.61572,-80.56
40.427372,-80.592318
40.618353,-80.540616
40.421539,-80.580717
39.278117,-80.34225
38.3456,-81.628317
38.448833,-81.684717
38.366183,-81.693717
39.481483,-80.134667
39.915961,-80.733858
37.26732,-81.235857
39.649367,-79.920867
39.648333,-79.957778
40.114876,-80.700972
37.807767,-81.197433
37.773056,-80.706667
39.105336,-79.425851
38.390278,-82.585833
38.380278,-82.583889
38.372222,-82.588889
39.323533,-81.552367
46.602,-90.656
44.50729,-87.99344
44.523611,-88.001111
44.53098,-87.90799
44.523481,-88.005559
44.527021,-88.003732
43.3156,-89.1089
43.100838,-89.357298
43.0733,-89.4358
43.093,-89.34005
43.435,-88.527778
43.48333,-88.53333
45.237,-86.993
46.728889,-92.118889
46.731389,-92.120556
46.725994,-92.07118
46.676111,-92.037778
46.730278,-92.079722
46.729722,-92.115
46.739444,-92.102778
46.7375,-92.099444
46.733216,-92.12335
46.74495,-92.101133
44.819167,-91.488611
45.794997,-88.400045
43.687402,-88.422045
45.563,-88.8088
42.693,-90.698
43.002,-88.81864
42.504722,-87.8093
42.597,-88.017
42.586,-88.042
44.44312,-87.50524
43.7775,-91.2269
44.138619,-87.6161
44.70735,-89.77183
43.016667,-87.933333
42.915,-87.979167
43.060975,-87.913504
43.075,-87.884
43.02641,-87.91111
43.092778,-88.005556
42.955,-87.934167
43.016944,-87.918056
43.181,-87.9
43.041,-87.925
45.678052,-89.632311
45.64505,-89.41848
44.30738,-88.395134
43.343,-87.92
43.49806,-87.81
42.713897,-87.798634
42.50908,-89.06281
45.124437,-92.662696
43.4351,-89.6797
43.679,-87.716
43.7478,-87.7772
45.2066,-90.5972
43.70222,-90.5683
46.052,-89.653
42.580009,-88.499046
43.327222,-88.220278
43.003889,-88.231944
43.020075,-88.21507
42.85,-88.071667
42.841389,-88.078889
43.018772,-88.224646
44.35288,-89.05083
41.311586,-105.591725
41.270005,-105.593326
41.273612,-105.604167
44.941111,-105.837778
43.757764,-105.491397
44.6522,-105.2903
44.146964,-105.529994
44.135494,-105.424636
44.394392,-105.530356
44.423218,-105.472501
44.277172,-105.375628
43.531065,-105.220893
43.516621,-105.260338
43.611389,-105.220556
43.702176,-105.199227
43.676944,-105.235833
44.35667,-105.42417
44.058743,-105.422311
44.450602,-105.573331
44.032206,-105.321225
44.112949,-105.310915
43.978352,-105.350011
43.6483,-105.2133
44.097074,-105.343164
44.070153,-105.469895
43.69639,-105.22694
44.400094,-105.451218
44.390833,-105.468889
44.465968,-105.551745
44.337617,-105.494116
44.32975,-105.4016
44.366861,-105.535377
43.6233,-105.2133
44.152375,-105.323752
43.565278,-105.317778
43.7475,-105.316667
43.609034,-105.207519
43.770917,-105.318882
44.288005,-105.517022
43.426621,-105.386453
43.041667,-105.847222
43.46096,-105.331263
43.474688,-105.310319
43.446315,-105.335682
42.841049,-108.736277
42.994444,-108.370278
44.144167,-106.108889
44.208889,-106.228889
44.33344,-106.957181
41.139976,-104.817801
41.6914,-110.6092
41.7733,-110.6297
41.7183,-110.5997
41.591667,-110.629163
42.851064,-106.325088
44.532426,-109.072975
44.744723,-109.382366
42.112266,-104.86819
44.797161,-106.949853
44.815142,-106.955933
44.805494,-106.976243
44.933611,-106.847222
44.930556,-106.847222
44.653632,-106.131264
42.928333,-109.788056
42.43647,-109.6959
42.719,-109.753
42.7907,-110.0551
42.870531,-109.860957
42.974831,-109.758655
41.591613,-109.220722
41.645774,-109.928801
41.585776,-109.769906
41.596054,-109.739627
41.603832,-109.754628
41.72967,-108.766266
41.716053,-109.712128
41.492833,-109.774241
41.5023,-109.7675
41.741013,-108.770861
41.7139,-108.7472
41.579672,-108.616536
41.49278,-108.72889
41.685233,-109.879423
41.626886,-109.789629
41.74972,-108.67028
41.6239,-108.6144
41.5778,-108.6158
41.736873,-109.639316
41.735735,-108.790862
41.621331,-109.834909
43.480833,-110.765278
44.56536,-110.40034
44.457778,-110.829167
44.565217,-110.400996
43.873056,-104.191944
43.84539,-104.20512
18.175378,-66.725988
18.433431,-66.58141
18.436764,-66.58002
18.413702,-66.132239
18.417315,-66.150293
18.404167,-66.165278
18.39982,-66.171125
18.233331,-66.036474
18.403611,-65.966667
18.431208,-66.141683
18.440774,-66.126531
18.450532,-66.148501
18.383983,-65.618888
17.957894,-66.165016
17.967638,-66.187471
18.045111,-66.802253
18.425652,-66.115846
18.440095,-66.11446
18.15344,-65.828617
18.440833,-66.497778
18.432778,-66.486667
18.209722,-67.146389
18.009558,-66.627249
18.363152,-65.855006
17.963756,-66.254208
18.449814,-66.05251
18.401944,-66.046389
18.418889,-66.0875
18.46676,-66.112793
18.449859,-66.073426
17.706944,-64.780556
17.710278,-64.793889
17.719167,-64.775
17.714444,-64.785278
17.7225,-64.776667
17.734444,-64.783333
17.741667,-64.751944
18.336389,-64.796389
18.343611,-64.931389
18.338611,-64.970556
18.345278,-64.923333
32.525,-116.985
32.525833,-117.0375
32.498333,-116.976667
32.343333,-117.054722
32.5,-117.116667
32.615278,-115.388056
32.570833,-115.350833
32.629167,-115.446944
32.633611,-115.504167
32.5825,-115.578056
32.518889,-117.011944
32.575,-116.618333
32.570278,-115.448611
31.731389,-106.428889
31.638056,-106.443056
31.689722,-106.4597
31.7355,-106.4597
31.7122,-106.3953
31.325833,-110.945278
31.3283,-109.5472
44.874774,-66.95619
49.145602,-103.091252
49.135138,-102.984855
